CreatedDate,PM2.5_1205250013,PM10_1205250013,AQI_1205250013,Temperature_1205250013,Humidity_1205250013,Battery_1205250013
01-06-2025 16:00,5,30,30,37,25,100
01-06-2025 16:30,5,32,32,38,26,100
01-06-2025 17:00,5,32,32,38,25,100
01-06-2025 17:30,6,35,35,39,25,100
01-06-2025 18:00,6,37,37,39,25,100
01-06-2025 18:30,6,36,36,39,26,100
01-06-2025 19:00,8,40,40,38,30,100
01-06-2025 19:30,24,69,69,38,32,100
01-06-2025 20:00,19,62,62,37,33,100
01-06-2025 20:30,14,52,52,37,31,100
01-06-2025 21:00,13,49,49,36,30,100
01-06-2025 21:30,12,46,46,36,32,100
01-06-2025 22:00,11,44,44,36,31,100
01-06-2025 22:30,12,45,45,36,29,100
01-06-2025 23:00,14,50,50,36,32,100
01-06-2025 23:30,18,59,59,35,32,100
02-06-2025 00:00,25,76,76,35,33,100
02-06-2025 00:30,25,76,76,34,34,100
02-06-2025 01:00,24,72,72,34,34,100
02-06-2025 01:30,36,94,94,34,36,100
02-06-2025 02:00,30,84,84,34,35,100
02-06-2025 02:30,40,100,100,34,37,100
02-06-2025 03:00,46,109,106,33,37,100
02-06-2025 03:30,56,129,119,33,37,100
02-06-2025 04:00,38,99,99,33,36,100
02-06-2025 04:30,35,92,92,33,35,100
02-06-2025 05:00,31,87,87,33,34,100
02-06-2025 05:30,35,93,93,33,35,100
02-06-2025 06:00,29,83,83,33,35,100
02-06-2025 06:30,25,81,81,32,36,100
02-06-2025 07:00,27,80,80,32,39,100
02-06-2025 07:30,39,99,99,32,42,100
02-06-2025 08:00,39,100,100,32,43,100
02-06-2025 08:30,29,86,86,33,43,100
02-06-2025 09:00,29,86,86,33,43,100
02-06-2025 09:30,46,103,102,34,43,100
02-06-2025 10:00,18,64,64,34,42,100
02-06-2025 10:30,18,64,64,34,42,100
02-06-2025 11:00,17,61,61,34,40,100
02-06-2025 11:30,15,55,55,34,37,100
02-06-2025 12:00,24,67,67,35,34,100
02-06-2025 12:30,38,87,87,35,33,100
02-06-2025 13:00,12,47,47,35,33,80
02-06-2025 13:30,11,45,45,35,34,80
02-06-2025 14:00,53,99,99,36,32,80
02-06-2025 14:30,6,35,35,37,28,80
02-06-2025 15:00,5,30,30,37,26,100
02-06-2025 15:30,4,27,27,37,26,100
02-06-2025 16:00,38,65,65,37,23,100
02-06-2025 16:30,13,42,42,38,24,100
02-06-2025 17:00,3,21,21,38,24,100
02-06-2025 17:30,5,29,29,38,25,100
02-06-2025 18:00,5,30,30,38,24,100
02-06-2025 18:30,7,36,36,38,26,100
02-06-2025 19:00,8,39,39,38,28,100
02-06-2025 19:30,9,41,41,36,25,80
02-06-2025 20:00,11,43,43,36,25,80
02-06-2025 20:30,8,38,38,37,25,80
02-06-2025 21:00,9,38,38,36,25,100
02-06-2025 21:30,6,32,32,36,25,100
02-06-2025 22:00,6,32,32,36,29,100
02-06-2025 22:30,4,26,26,34,35,100
02-06-2025 23:00,4,23,23,34,35,100
02-06-2025 23:30,4,23,23,33,35,100
03-06-2025 00:00,4,24,24,33,36,100
03-06-2025 00:30,10,40,40,33,35,100
03-06-2025 01:00,12,46,46,33,35,100
03-06-2025 01:30,16,55,55,32,37,100
03-06-2025 02:00,17,55,55,32,37,100
03-06-2025 02:30,18,58,58,32,38,100
03-06-2025 03:00,12,45,45,32,38,100
03-06-2025 03:30,15,51,51,31,39,100
03-06-2025 04:00,12,45,45,31,39,100
03-06-2025 04:30,12,45,45,31,39,100
03-06-2025 05:00,11,42,42,30,39,100
03-06-2025 05:30,8,37,37,30,39,100
03-06-2025 06:00,10,41,41,30,40,100
03-06-2025 06:30,13,48,48,30,40,100
03-06-2025 07:00,13,47,47,30,40,100
03-06-2025 07:30,8,38,38,31,39,100
03-06-2025 08:00,11,42,42,31,39,100
03-06-2025 08:30,12,45,45,31,40,100
03-06-2025 09:00,10,41,41,32,39,100
03-06-2025 09:30,6,29,29,32,37,100
03-06-2025 10:00,8,38,38,32,36,100
03-06-2025 10:30,4,26,26,32,35,100
03-06-2025 11:00,4,26,26,32,34,100
03-06-2025 11:30,5,29,29,33,33,100
03-06-2025 12:00,4,25,25,33,33,100
03-06-2025 12:30,4,25,25,33,32,100
03-06-2025 13:00,11,43,43,34,31,100
03-06-2025 13:30,12,45,45,34,31,100
03-06-2025 14:00,13,46,46,34,31,100
03-06-2025 14:30,7,36,36,34,31,100
03-06-2025 15:00,6,33,33,35,31,100
03-06-2025 15:30,17,48,48,35,32,100
03-06-2025 16:00,46,87,87,35,33,100
03-06-2025 16:30,8,39,39,36,33,100
03-06-2025 17:00,8,39,39,36,32,100
03-06-2025 17:30,20,59,59,36,33,100
03-06-2025 18:00,10,43,43,36,33,100
03-06-2025 18:30,12,45,45,36,34,100
03-06-2025 19:00,14,52,52,36,35,100
03-06-2025 19:30,16,57,57,36,36,100
03-06-2025 20:00,6,34,34,36,37,100
03-06-2025 20:30,10,41,41,35,35,100
03-06-2025 21:00,12,44,44,35,35,100
03-06-2025 21:30,10,42,42,34,34,100
03-06-2025 22:00,8,38,38,34,34,100
03-06-2025 22:30,4,22,22,34,34,100
03-06-2025 23:00,5,26,26,34,35,100
03-06-2025 23:30,8,37,37,34,36,100
04-06-2025 00:00,12,44,44,32,42,100
04-06-2025 00:30,13,47,47,32,42,100
04-06-2025 01:00,5,29,29,32,38,100
04-06-2025 01:30,7,34,34,30,41,100
04-06-2025 02:00,5,28,28,30,42,100
04-06-2025 02:30,6,30,30,30,42,100
04-06-2025 03:00,12,44,44,30,42,100
04-06-2025 03:30,12,44,44,30,43,100
04-06-2025 04:00,11,42,42,30,43,100
04-06-2025 04:30,15,51,51,30,44,100
04-06-2025 05:00,17,56,56,29,44,100
04-06-2025 05:30,20,62,62,29,43,100
04-06-2025 06:00,28,78,78,29,43,100
04-06-2025 06:30,44,103,102,30,43,100
04-06-2025 07:00,25,73,73,30,43,100
04-06-2025 07:30,22,67,67,30,43,100
04-06-2025 08:00,21,65,65,30,43,100
04-06-2025 08:30,16,53,53,31,42,100
04-06-2025 09:00,14,49,49,31,41,100
04-06-2025 09:30,13,47,47,31,42,100
04-06-2025 10:00,18,58,58,30,42,80
04-06-2025 10:30,27,74,74,32,39,80
04-06-2025 11:00,20,62,62,33,37,100
04-06-2025 11:30,16,54,54,33,36,100
04-06-2025 12:00,89,145,197,34,36,100
04-06-2025 12:30,15,51,51,34,36,100
04-06-2025 13:00,19,59,59,34,36,100
04-06-2025 13:30,17,56,56,34,35,100
04-06-2025 14:00,17,56,56,35,34,100
04-06-2025 14:30,12,46,46,35,36,100
04-06-2025 15:00,11,43,43,36,36,100
04-06-2025 15:30,46,91,91,36,36,100
04-06-2025 16:00,9,41,41,36,36,100
04-06-2025 16:30,38,79,79,36,35,100
04-06-2025 17:00,12,46,46,37,34,100
04-06-2025 17:30,9,39,39,37,34,100
04-06-2025 18:00,9,39,39,37,34,100
04-06-2025 18:30,10,41,41,37,35,100
04-06-2025 19:00,9,39,39,36,35,100
04-06-2025 19:30,11,44,44,36,36,100
04-06-2025 20:00,11,45,45,34,35,100
04-06-2025 20:30,9,40,40,34,37,100
04-06-2025 21:00,6,31,31,34,36,100
04-06-2025 21:30,6,32,32,33,36,100
04-06-2025 22:00,10,41,41,33,35,100
04-06-2025 22:30,11,42,42,33,33,100
04-06-2025 23:00,9,39,39,33,35,100
04-06-2025 23:30,8,37,37,32,35,100
05-06-2025 00:00,12,45,45,32,36,100
05-06-2025 00:30,11,43,43,32,36,100
05-06-2025 01:00,9,39,39,32,37,100
05-06-2025 01:30,12,45,45,32,37,100
05-06-2025 02:00,12,45,45,31,39,100
05-06-2025 02:30,18,57,57,30,42,100
05-06-2025 03:00,28,77,77,30,46,100
05-06-2025 03:30,33,85,85,30,46,100
05-06-2025 04:00,26,71,71,30,45,100
05-06-2025 04:30,17,57,57,31,43,100
05-06-2025 05:00,18,61,61,31,42,100
05-06-2025 05:30,19,60,60,31,42,100
05-06-2025 06:00,20,61,61,31,43,100
05-06-2025 06:30,37,89,89,30,46,100
05-06-2025 07:00,53,114,109,30,47,100
05-06-2025 07:30,30,81,81,30,47,100
05-06-2025 08:00,42,98,98,30,44,100
05-06-2025 08:30,36,92,92,30,43,100
05-06-2025 09:00,30,80,80,32,39,100
05-06-2025 09:30,15,51,51,32,37,100
05-06-2025 10:00,16,52,52,32,36,100
05-06-2025 10:30,13,46,46,32,35,100
05-06-2025 11:00,19,59,59,33,34,100
05-06-2025 11:30,20,62,62,34,34,100
05-06-2025 12:00,14,50,50,34,33,100
05-06-2025 12:30,13,48,48,34,32,100
05-06-2025 13:00,13,47,47,34,31,100
05-06-2025 13:30,11,43,43,35,30,100
05-06-2025 14:00,11,44,44,35,31,100
05-06-2025 14:30,12,44,44,36,31,100
05-06-2025 15:00,12,45,45,36,31,100
05-06-2025 15:30,37,82,82,36,30,100
05-06-2025 16:00,14,49,49,37,31,100
05-06-2025 16:30,14,49,49,37,31,100
05-06-2025 17:00,80,139,167,37,31,100
05-06-2025 17:30,16,52,52,37,30,100
05-06-2025 18:00,15,52,52,37,30,100
05-06-2025 18:30,16,55,55,37,30,100
05-06-2025 19:00,18,57,57,37,31,100
05-06-2025 19:30,21,65,65,37,33,100
05-06-2025 20:00,21,64,64,36,35,100
05-06-2025 20:30,22,67,67,36,36,100
05-06-2025 21:00,39,97,97,36,37,100
05-06-2025 21:30,36,93,93,35,37,100
05-06-2025 22:00,43,103,102,35,38,100
05-06-2025 22:30,45,105,103,35,39,100
05-06-2025 23:00,49,111,107,35,40,100
05-06-2025 23:30,57,123,115,35,40,100
06-06-2025 00:00,67,137,125,34,41,100
06-06-2025 00:30,58,124,116,34,39,100
06-06-2025 01:00,65,133,122,34,39,100
06-06-2025 01:30,69,141,130,35,39,100
06-06-2025 02:00,63,133,122,34,39,100
06-06-2025 02:30,59,127,118,34,40,100
06-06-2025 03:00,57,125,117,34,40,100
06-06-2025 03:30,61,129,119,34,41,100
06-06-2025 04:00,61,130,120,34,42,100
06-06-2025 04:30,61,129,119,34,41,100
06-06-2025 05:00,72,145,140,34,42,100
06-06-2025 05:30,75,148,150,34,43,100
06-06-2025 06:00,78,147,160,33,44,100
06-06-2025 06:30,90,163,200,33,44,100
06-06-2025 07:00,108,183,260,33,45,100
06-06-2025 07:30,122,198,302,33,45,100
06-06-2025 08:00,123,198,302,34,44,100
06-06-2025 08:30,122,198,302,34,44,100
06-06-2025 09:00,130,204,308,34,44,100
06-06-2025 09:30,95,170,217,34,42,100
06-06-2025 10:00,80,152,167,34,41,100
06-06-2025 10:30,53,116,111,35,40,100
06-06-2025 11:00,46,105,103,35,40,100
06-06-2025 11:30,37,94,94,35,40,100
06-06-2025 12:00,30,82,82,36,39,100
06-06-2025 12:30,28,79,79,36,38,100
06-06-2025 13:00,28,80,80,36,37,100
06-06-2025 13:30,27,79,79,36,37,100
06-06-2025 14:00,29,81,81,37,36,100
06-06-2025 14:30,59,114,109,37,37,100
06-06-2025 15:00,35,90,90,37,36,100
06-06-2025 15:30,29,82,82,37,36,100
06-06-2025 16:00,29,80,80,38,35,100
06-06-2025 16:30,29,81,81,38,34,100
06-06-2025 17:00,29,81,81,38,34,100
06-06-2025 17:30,31,85,85,38,34,100
06-06-2025 18:00,30,82,82,38,34,100
06-06-2025 18:30,32,85,85,38,35,100
06-06-2025 19:00,36,92,92,36,38,80
06-06-2025 19:30,41,98,98,37,38,80
06-06-2025 20:00,43,102,101,37,39,80
06-06-2025 20:30,44,101,101,37,40,100
06-06-2025 21:00,44,103,102,36,40,100
06-06-2025 21:30,55,119,113,36,40,100
06-06-2025 22:00,57,122,115,36,41,100
06-06-2025 22:30,63,130,120,36,43,100
06-06-2025 23:00,67,134,123,35,44,100
06-06-2025 23:30,65,133,122,35,44,100
07-06-2025 00:00,62,128,119,35,43,100
07-06-2025 00:30,68,137,127,35,46,100
07-06-2025 01:00,68,136,127,34,46,100
07-06-2025 01:30,68,136,127,34,48,100
07-06-2025 02:00,68,136,127,34,49,100
07-06-2025 02:30,83,153,177,34,50,100
07-06-2025 03:00,104,175,247,34,50,100
07-06-2025 03:30,113,185,277,34,50,100
07-06-2025 04:00,126,199,305,34,49,100
07-06-2025 04:30,86,157,187,34,49,100
07-06-2025 05:00,98,169,227,34,49,100
07-06-2025 05:30,114,186,280,34,49,100
07-06-2025 06:00,112,185,273,34,49,100
07-06-2025 06:30,138,211,314,33,50,100
07-06-2025 07:00,131,204,308,34,49,100
07-06-2025 07:30,88,160,193,34,45,100
07-06-2025 08:00,72,143,140,34,43,100
07-06-2025 08:30,68,136,127,35,42,100
07-06-2025 09:00,64,129,119,36,40,100
07-06-2025 09:30,59,122,115,36,40,100
07-06-2025 10:00,52,113,109,36,38,100
07-06-2025 10:30,49,109,106,37,38,100
07-06-2025 11:00,48,107,105,37,38,100
07-06-2025 11:30,45,102,101,37,37,100
07-06-2025 12:00,38,95,95,37,36,100
07-06-2025 12:30,32,86,86,38,35,100
07-06-2025 13:00,28,77,77,38,32,100
07-06-2025 13:30,29,81,81,38,31,100
07-06-2025 14:00,31,84,84,39,32,100
07-06-2025 14:30,31,84,84,38,33,100
07-06-2025 15:00,31,85,85,38,34,80
07-06-2025 15:30,32,87,87,38,34,80
07-06-2025 16:00,33,87,87,38,34,80
07-06-2025 16:30,33,87,87,40,33,80
07-06-2025 17:00,32,87,87,40,32,80
07-06-2025 17:30,32,86,86,40,32,100
07-06-2025 18:00,40,97,97,40,33,100
07-06-2025 18:30,34,90,90,40,34,100
07-06-2025 19:00,38,95,95,39,34,100
07-06-2025 19:30,42,100,100,39,35,100
07-06-2025 20:00,56,120,113,38,36,100
07-06-2025 20:30,91,166,203,37,38,80
07-06-2025 21:00,73,144,143,38,38,80
07-06-2025 21:30,70,138,133,38,40,100
07-06-2025 22:00,72,141,140,37,42,100
07-06-2025 22:30,74,144,147,37,43,100
07-06-2025 23:00,73,143,143,37,44,100
07-06-2025 23:30,75,144,150,37,44,100
08-06-2025 00:00,74,144,147,36,45,100
08-06-2025 00:30,78,149,160,36,46,100
08-06-2025 01:00,83,154,177,36,47,100
08-06-2025 01:30,104,177,247,35,48,100
08-06-2025 02:00,99,171,230,35,47,100
08-06-2025 02:30,95,166,217,35,49,100
08-06-2025 03:00,94,165,213,35,48,100
08-06-2025 03:30,84,155,180,35,46,100
08-06-2025 04:00,80,151,167,35,45,100
08-06-2025 04:30,74,144,147,35,45,100
08-06-2025 05:00,76,145,153,34,45,100
08-06-2025 05:30,76,145,153,34,45,100
08-06-2025 06:00,87,158,190,34,47,100
08-06-2025 06:30,106,178,253,34,47,100
08-06-2025 07:00,118,191,293,34,49,100
08-06-2025 07:30,88,160,193,35,45,100
08-06-2025 08:00,79,151,163,36,42,100
08-06-2025 08:30,75,145,150,36,41,100
08-06-2025 09:00,77,148,157,37,41,100
08-06-2025 09:30,61,126,117,37,40,100
08-06-2025 10:00,55,118,112,37,39,100
08-06-2025 10:30,47,107,105,37,38,100
08-06-2025 11:00,41,100,100,38,38,100
08-06-2025 11:30,33,90,90,38,37,100
08-06-2025 12:00,30,84,84,39,37,100
08-06-2025 12:30,28,80,80,39,36,100
08-06-2025 13:00,29,82,82,39,36,100
08-06-2025 13:30,27,78,78,40,35,100
08-06-2025 14:00,24,73,73,40,33,100
08-06-2025 14:30,17,57,57,41,28,100
08-06-2025 15:00,12,46,46,41,25,100
08-06-2025 15:30,9,41,41,41,24,100
08-06-2025 16:00,9,40,40,42,23,100
08-06-2025 16:30,7,39,39,42,22,100
08-06-2025 17:00,10,43,43,42,22,100
08-06-2025 17:30,6,37,37,42,22,100
08-06-2025 18:00,9,42,42,42,25,100
08-06-2025 18:30,7,40,40,42,27,100
08-06-2025 19:00,9,42,42,41,28,100
08-06-2025 19:30,10,43,43,41,28,100
08-06-2025 20:00,13,50,50,40,29,100
08-06-2025 20:30,15,55,55,40,30,100
08-06-2025 21:00,17,58,58,39,29,100
08-06-2025 21:30,16,59,59,39,30,100
08-06-2025 22:00,20,66,66,39,31,100
08-06-2025 22:30,20,67,67,39,31,100
08-06-2025 23:00,20,65,65,39,31,100
08-06-2025 23:30,22,69,69,38,31,100
09-06-2025 00:00,21,68,68,38,32,100
09-06-2025 00:30,22,67,67,38,32,100
09-06-2025 01:00,23,71,71,37,34,100
09-06-2025 01:30,26,76,76,37,35,100
09-06-2025 02:00,24,73,73,37,37,100
09-06-2025 02:30,25,76,76,36,39,100
09-06-2025 03:00,28,81,81,35,40,100
09-06-2025 03:30,30,84,84,35,39,100
09-06-2025 04:00,33,90,90,35,41,100
09-06-2025 04:30,39,96,96,35,42,100
09-06-2025 05:00,40,98,98,34,43,100
09-06-2025 05:30,37,95,95,34,43,100
09-06-2025 06:00,55,120,113,34,42,100
09-06-2025 06:30,78,155,160,34,43,100
09-06-2025 07:00,199,284,361,35,48,100
09-06-2025 07:30,179,259,345,35,48,100
09-06-2025 08:00,189,266,353,36,47,100
09-06-2025 08:30,189,266,353,36,43,100
09-06-2025 09:00,97,169,223,37,37,100
09-06-2025 09:30,94,161,213,37,36,100
09-06-2025 10:00,55,119,113,37,36,80
09-06-2025 10:30,42,101,101,37,36,80
09-06-2025 11:00,47,107,105,38,35,80
09-06-2025 11:30,36,90,90,38,35,100
09-06-2025 12:00,29,83,83,39,34,100
09-06-2025 12:30,24,72,72,39,33,100
09-06-2025 13:00,23,71,71,40,32,100
09-06-2025 13:30,22,67,67,40,31,100
09-06-2025 14:00,50,99,99,40,29,100
09-06-2025 14:30,16,55,55,41,28,100
09-06-2025 15:00,14,50,50,41,27,100
09-06-2025 15:30,12,47,47,41,26,100
09-06-2025 16:00,12,46,46,42,25,100
09-06-2025 16:30,14,50,50,42,26,100
09-06-2025 17:00,15,52,52,42,26,100
09-06-2025 17:30,12,47,47,42,25,100
09-06-2025 18:00,12,46,46,42,26,100
09-06-2025 18:30,13,48,48,42,26,100
09-06-2025 19:00,14,51,51,42,29,100
09-06-2025 19:30,18,61,61,41,30,100
09-06-2025 20:00,16,56,56,41,29,100
09-06-2025 20:30,17,58,58,41,30,100
09-06-2025 21:00,20,63,63,40,29,100
09-06-2025 21:30,26,77,77,40,29,100
09-06-2025 22:00,33,89,89,39,30,100
09-06-2025 22:30,33,89,89,39,30,100
09-06-2025 23:00,30,84,84,39,31,100
09-06-2025 23:30,32,87,87,39,32,100
10-06-2025 00:00,32,87,87,39,33,100
10-06-2025 00:30,33,88,88,38,33,100
10-06-2025 01:00,33,89,89,38,34,100
10-06-2025 01:30,34,90,90,38,35,100
10-06-2025 02:00,33,89,89,37,37,100
10-06-2025 02:30,35,92,92,37,39,100
10-06-2025 03:00,36,93,93,37,39,100
10-06-2025 03:30,35,91,91,37,39,100
10-06-2025 04:00,35,92,92,36,40,100
10-06-2025 04:30,35,92,92,36,39,100
10-06-2025 05:00,33,90,90,36,39,100
10-06-2025 05:30,39,97,97,36,41,100
10-06-2025 06:00,42,100,100,35,41,100
10-06-2025 06:30,61,127,118,35,42,100
10-06-2025 07:00,87,160,190,35,40,100
10-06-2025 07:30,78,150,160,36,38,100
10-06-2025 08:00,68,137,127,36,36,100
10-06-2025 08:30,77,147,157,37,35,100
10-06-2025 09:00,48,110,107,37,34,100
10-06-2025 09:30,27,78,78,37,32,100
10-06-2025 10:00,23,70,70,38,30,100
10-06-2025 10:30,26,77,77,38,28,100
10-06-2025 11:00,24,72,72,39,28,100
10-06-2025 11:30,21,65,65,39,28,100
10-06-2025 12:00,22,67,67,39,27,100
10-06-2025 12:30,21,65,65,40,27,100
10-06-2025 13:00,16,56,56,40,26,100
10-06-2025 13:30,15,54,54,41,27,100
10-06-2025 14:00,15,52,52,41,27,100
10-06-2025 14:30,12,45,45,41,27,100
10-06-2025 15:00,9,41,41,42,25,100
10-06-2025 15:30,5,32,32,42,24,100
10-06-2025 16:00,5,30,30,42,23,100
10-06-2025 16:30,4,30,30,42,23,100
10-06-2025 17:00,7,38,38,42,24,80
10-06-2025 17:30,6,36,36,42,24,80
10-06-2025 18:00,6,38,38,41,25,80
10-06-2025 18:30,8,41,41,41,27,80
10-06-2025 19:00,11,45,45,40,29,80
10-06-2025 19:30,12,48,48,40,32,80
10-06-2025 20:00,13,49,49,39,32,80
10-06-2025 20:30,15,56,56,39,32,80
10-06-2025 21:00,17,60,60,39,31,80
10-06-2025 21:30,20,65,65,39,31,80
10-06-2025 22:00,22,70,70,38,33,80
10-06-2025 22:30,25,75,75,38,34,60
10-06-2025 23:00,25,75,75,38,34,60
10-06-2025 23:30,28,76,76,37,35,60
11-06-2025 00:00,33,86,86,37,36,60
11-06-2025 00:30,36,90,90,37,37,60
11-06-2025 01:00,41,98,98,37,39,60
11-06-2025 01:30,43,100,100,36,40,60
11-06-2025 02:00,48,107,105,36,42,40
11-06-2025 02:30,56,120,113,36,40,40
11-06-2025 03:00,58,123,115,36,42,40
11-06-2025 03:30,60,126,117,35,42,40
11-06-2025 04:00,81,153,170,35,43,40
11-06-2025 04:30,64,132,121,35,39,40
11-06-2025 05:00,65,133,122,35,39,40
11-06-2025 05:30,51,113,109,36,39,40
11-06-2025 06:00,48,108,105,36,39,40
11-06-2025 06:30,60,126,117,38,38,40
11-06-2025 07:00,63,131,121,38,35,60
11-06-2025 07:30,76,149,153,39,37,80
11-06-2025 08:00,77,150,157,39,38,80
11-06-2025 08:30,75,146,150,39,36,80
11-06-2025 09:00,60,125,117,40,34,80
11-06-2025 09:30,48,108,105,40,31,80
11-06-2025 10:00,41,97,97,40,31,80
11-06-2025 10:30,30,77,77,40,29,80
11-06-2025 11:00,26,69,69,41,29,80
11-06-2025 11:30,26,67,67,41,29,100
11-06-2025 12:00,24,62,62,41,28,100
11-06-2025 12:30,21,56,56,41,26,100
11-06-2025 13:00,21,53,53,42,26,100
11-06-2025 13:30,18,47,47,41,26,100
11-06-2025 14:00,17,46,46,41,26,100
11-06-2025 14:30,15,44,44,41,24,100
11-06-2025 15:00,18,47,47,40,27,80
11-06-2025 15:30,18,46,46,40,28,80
11-06-2025 16:00,16,44,44,39,28,80
11-06-2025 16:30,20,50,50,40,29,80
11-06-2025 17:00,19,48,48,40,27,80
11-06-2025 17:30,15,44,44,42,26,80
11-06-2025 18:00,13,42,42,43,24,80
11-06-2025 18:30,17,46,46,43,25,100
11-06-2025 19:00,19,50,50,43,27,100
11-06-2025 19:30,20,53,53,42,28,100
11-06-2025 20:00,24,63,63,42,29,100
11-06-2025 20:30,37,93,93,42,29,100
11-06-2025 21:00,43,102,101,41,29,100
11-06-2025 21:30,51,113,109,41,30,100
11-06-2025 22:00,52,115,110,40,32,80
11-06-2025 22:30,50,111,107,39,34,80
11-06-2025 23:00,48,108,105,38,36,80
11-06-2025 23:30,45,105,103,38,39,80
12-06-2025 00:00,41,99,99,38,40,80
12-06-2025 00:30,40,98,98,37,40,80
12-06-2025 01:00,44,104,103,37,39,80
12-06-2025 01:30,52,116,111,37,38,80
12-06-2025 02:00,45,104,103,37,37,80
12-06-2025 02:30,63,132,121,37,40,80
12-06-2025 03:00,89,164,197,36,44,80
12-06-2025 03:30,94,168,213,36,48,60
12-06-2025 04:00,129,202,307,35,51,60
12-06-2025 04:30,142,215,317,35,53,60
12-06-2025 05:00,120,194,300,35,55,60
12-06-2025 05:30,118,191,293,35,55,60
12-06-2025 06:00,108,180,260,35,55,60
12-06-2025 06:30,102,175,240,35,53,60
12-06-2025 07:00,98,170,227,35,53,40
12-06-2025 07:30,99,171,230,36,53,40
12-06-2025 08:00,104,178,247,36,52,40
12-06-2025 08:30,98,171,227,36,52,40
12-06-2025 09:00,93,166,210,36,52,40
12-06-2025 09:30,89,161,197,38,48,40
12-06-2025 10:00,82,153,173,40,43,60
12-06-2025 10:30,78,148,160,40,42,80
12-06-2025 11:00,70,137,133,39,43,60
12-06-2025 11:30,62,127,118,39,43,40
12-06-2025 12:00,49,107,105,39,39,40
12-06-2025 12:30,43,99,99,39,37,40
12-06-2025 13:00,37,90,90,39,34,40
12-06-2025 13:30,32,81,81,39,32,40
12-06-2025 14:00,23,60,60,42,27,40
12-06-2025 14:30,18,47,47,42,24,60
12-06-2025 15:00,17,46,46,44,22,80
12-06-2025 15:30,12,40,40,44,20,80
12-06-2025 16:00,18,48,48,44,21,80
12-06-2025 16:30,22,54,54,42,24,80
12-06-2025 17:00,23,58,58,42,25,60
12-06-2025 17:30,23,58,58,41,27,60
12-06-2025 18:00,24,61,61,41,27,60
12-06-2025 18:30,25,64,64,41,27,60
12-06-2025 19:00,26,66,66,42,28,60
12-06-2025 19:30,28,72,72,43,27,80
12-06-2025 20:00,38,91,91,43,28,80
12-06-2025 20:30,42,97,97,43,29,80
12-06-2025 21:00,49,108,105,43,29,80
12-06-2025 21:30,56,119,113,43,29,80
12-06-2025 22:00,64,133,122,42,30,80
12-06-2025 22:30,69,142,130,42,31,100
12-06-2025 23:00,69,141,130,41,32,100
12-06-2025 23:30,55,119,113,41,31,100
13-06-2025 00:00,58,123,115,40,32,100
13-06-2025 00:30,59,124,116,40,34,100
13-06-2025 01:00,61,124,116,40,36,100
13-06-2025 01:30,67,133,123,40,39,100
13-06-2025 02:00,66,133,122,39,39,100
13-06-2025 02:30,72,142,140,39,41,100
13-06-2025 03:00,74,144,147,38,43,100
13-06-2025 03:30,86,159,187,38,44,100
13-06-2025 04:00,91,163,203,38,45,100
13-06-2025 04:30,100,172,233,38,46,100
13-06-2025 05:00,95,166,217,38,47,100
13-06-2025 05:30,83,153,177,39,44,100
13-06-2025 06:00,99,170,230,39,46,100
13-06-2025 06:30,102,175,240,38,47,100
13-06-2025 07:00,97,170,223,38,47,100
13-06-2025 07:30,92,165,207,38,46,100
13-06-2025 08:00,87,158,190,38,45,100
13-06-2025 08:30,72,141,140,39,43,100
13-06-2025 09:00,63,128,119,39,43,100
13-06-2025 09:30,60,124,116,39,42,100
13-06-2025 10:00,56,116,111,39,42,100
13-06-2025 10:30,56,117,111,40,42,100
13-06-2025 11:00,56,117,111,40,41,100
13-06-2025 11:30,56,116,111,40,40,100
13-06-2025 12:00,54,113,109,41,39,100
13-06-2025 12:30,52,112,108,41,38,100
13-06-2025 13:00,52,112,108,41,37,100
13-06-2025 13:30,47,105,103,41,35,100
13-06-2025 14:00,56,117,111,40,37,100
13-06-2025 14:30,52,111,107,40,38,80
13-06-2025 15:00,49,107,105,40,39,80
13-06-2025 15:30,46,102,101,40,36,80
13-06-2025 16:00,41,96,96,42,34,80
13-06-2025 16:30,36,89,89,42,32,80
13-06-2025 17:00,38,91,91,42,31,80
13-06-2025 17:30,37,91,91,42,30,100
13-06-2025 18:00,31,79,79,43,29,100
13-06-2025 18:30,35,89,89,42,34,100
13-06-2025 19:00,33,85,85,40,35,80
13-06-2025 19:30,31,77,77,39,37,80
13-06-2025 20:00,30,74,74,39,36,80
13-06-2025 20:30,32,78,78,38,40,80
13-06-2025 21:00,30,75,75,37,39,80
13-06-2025 21:30,31,78,78,38,40,80
13-06-2025 22:00,29,72,72,38,39,80
13-06-2025 22:30,29,73,73,37,39,80
13-06-2025 23:00,30,74,74,36,40,80
13-06-2025 23:30,30,74,74,35,42,80
14-06-2025 00:00,31,78,78,35,42,80
14-06-2025 00:30,33,82,82,35,41,80
14-06-2025 01:00,39,92,92,35,42,80
14-06-2025 01:30,33,81,81,34,44,80
14-06-2025 02:00,31,76,76,34,44,80
14-06-2025 02:30,29,74,74,34,43,80
14-06-2025 03:00,27,66,66,34,43,80
14-06-2025 03:30,26,64,64,34,45,60
14-06-2025 04:00,27,66,66,34,45,60
14-06-2025 04:30,28,69,69,33,45,60
14-06-2025 05:00,33,81,81,33,44,60
14-06-2025 05:30,33,83,83,33,44,60
14-06-2025 06:00,41,96,96,32,44,60
14-06-2025 06:30,52,112,108,32,44,60
14-06-2025 07:00,64,130,120,33,44,60
14-06-2025 07:30,42,98,98,36,38,60
14-06-2025 08:00,33,83,83,37,36,80
14-06-2025 08:30,29,74,74,38,36,80
14-06-2025 09:00,29,72,72,38,36,80
14-06-2025 09:30,31,77,77,38,36,80
14-06-2025 10:00,33,83,83,39,37,80
14-06-2025 10:30,37,90,90,39,37,100
14-06-2025 11:00,43,98,98,39,38,100
14-06-2025 11:30,47,104,103,39,38,100
14-06-2025 12:00,49,106,104,39,38,100
14-06-2025 12:30,52,111,107,39,38,100
14-06-2025 13:00,49,108,105,40,38,100
14-06-2025 13:30,49,106,104,40,37,100
14-06-2025 14:00,52,112,108,39,37,80
14-06-2025 14:30,52,110,107,39,35,80
14-06-2025 15:00,42,97,97,39,34,80
14-06-2025 15:30,37,89,89,39,33,80
14-06-2025 16:00,40,95,95,40,33,80
14-06-2025 16:30,42,97,97,40,34,80
14-06-2025 17:00,45,100,100,40,34,80
14-06-2025 17:30,45,100,100,40,33,80
14-06-2025 18:00,42,97,97,40,33,80
14-06-2025 18:30,31,77,77,40,32,80
14-06-2025 19:00,28,71,71,39,33,80
14-06-2025 19:30,29,71,71,39,36,60
14-06-2025 20:00,30,76,76,38,37,60
14-06-2025 20:30,42,97,97,38,38,60
14-06-2025 21:00,42,97,97,37,39,60
14-06-2025 21:30,46,103,102,37,40,60
14-06-2025 22:00,43,98,98,37,40,60
14-06-2025 22:30,46,102,101,39,38,60
14-06-2025 23:00,50,111,107,40,38,80
14-06-2025 23:30,65,131,121,38,40,80
15-06-2025 00:00,88,162,193,37,44,80
15-06-2025 00:30,90,163,200,37,43,60
15-06-2025 01:00,68,135,127,36,45,60
15-06-2025 01:30,79,149,163,36,44,60
15-06-2025 02:00,77,146,157,36,45,60
15-06-2025 02:30,82,152,173,36,47,60
15-06-2025 03:00,92,164,207,36,49,40
15-06-2025 03:30,68,134,127,35,48,40
15-06-2025 04:00,81,150,170,35,48,40
15-06-2025 04:30,69,135,130,35,49,40
15-06-2025 05:00,117,189,290,35,49,40
15-06-2025 05:30,114,189,280,34,50,40
15-06-2025 06:00,100,173,233,34,50,40
15-06-2025 06:30,113,187,277,35,51,40
15-06-2025 07:00,86,157,187,35,54,40
15-06-2025 07:30,90,160,200,35,56,20
15-06-2025 08:00,94,165,213,35,56,20
15-06-2025 08:30,99,171,230,35,56,20
15-06-2025 09:00,101,173,237,36,56,20
15-06-2025 09:30,128,201,306,36,56,20
15-06-2025 10:00,79,148,163,36,53,20
15-06-2025 10:30,61,124,116,37,47,20
15-06-2025 11:00,79,148,163,38,46,20
15-06-2025 11:30,71,138,137,40,41,40
15-06-2025 12:00,56,118,112,41,38,40
15-06-2025 12:30,49,106,104,41,35,40
15-06-2025 13:00,54,114,109,42,35,40
15-06-2025 13:30,44,100,100,42,33,60
15-06-2025 14:00,36,90,90,42,32,60
15-06-2025 14:30,32,81,81,42,29,60
15-06-2025 15:00,33,83,83,43,28,80
15-06-2025 15:30,29,74,74,42,31,80
15-06-2025 16:00,31,77,77,42,32,80
15-06-2025 16:30,35,86,86,42,35,80
15-06-2025 17:00,30,74,74,42,35,80
15-06-2025 17:30,29,73,73,41,35,80
15-06-2025 18:00,31,77,77,40,38,80
15-06-2025 18:30,30,75,75,40,38,100
15-06-2025 19:00,27,65,65,39,39,100
15-06-2025 19:30,32,79,79,38,39,100
15-06-2025 20:00,34,83,83,38,40,100
15-06-2025 20:30,40,94,94,38,42,100
15-06-2025 21:00,56,117,111,37,43,100
15-06-2025 21:30,49,107,105,37,43,100
15-06-2025 22:00,35,84,84,37,40,100
15-06-2025 22:30,33,82,82,36,42,100
15-06-2025 23:00,32,79,79,36,42,100
15-06-2025 23:30,29,73,73,35,43,100
16-06-2025 00:00,30,73,73,35,43,100
16-06-2025 00:30,30,76,76,35,44,100
16-06-2025 01:00,29,72,72,35,44,100
16-06-2025 01:30,29,73,73,35,43,100
16-06-2025 02:00,35,87,87,35,43,100
16-06-2025 02:30,36,88,88,35,42,100
16-06-2025 03:00,32,79,79,35,43,100
16-06-2025 03:30,34,83,83,35,44,100
16-06-2025 04:00,41,96,96,35,44,100
16-06-2025 04:30,46,103,102,34,44,100
16-06-2025 05:00,50,108,105,35,45,100
16-06-2025 05:30,48,105,103,34,46,100
16-06-2025 06:00,52,110,107,34,48,100
16-06-2025 06:30,52,111,107,34,47,100
16-06-2025 07:00,56,116,111,34,48,100
16-06-2025 07:30,51,109,106,34,48,100
16-06-2025 08:00,50,107,105,34,48,100
16-06-2025 08:30,49,106,104,34,49,100
16-06-2025 09:00,64,129,119,35,47,100
16-06-2025 09:30,46,103,102,35,46,100
16-06-2025 10:00,44,98,98,35,46,80
16-06-2025 10:30,42,97,97,34,46,80
16-06-2025 11:00,45,100,100,36,43,80
16-06-2025 11:30,56,117,111,36,41,100
16-06-2025 12:00,51,109,106,37,42,100
16-06-2025 12:30,54,114,109,37,40,100
16-06-2025 13:00,57,120,113,37,40,100
16-06-2025 13:30,50,109,106,37,41,100
16-06-2025 14:00,46,114,109,37,45,100
16-06-2025 14:30,50,125,117,36,45,100
16-06-2025 15:00,47,118,112,37,46,100
16-06-2025 15:30,58,139,126,37,44,100
16-06-2025 16:00,74,162,147,37,43,100
16-06-2025 16:30,78,166,160,36,44,80
16-06-2025 17:00,61,145,130,35,43,80
16-06-2025 17:30,54,132,121,36,44,80
16-06-2025 18:00,50,123,115,36,42,80
16-06-2025 18:30,52,127,118,37,42,80
16-06-2025 19:00,49,122,115,37,43,100
16-06-2025 19:30,39,99,99,36,45,100
16-06-2025 20:00,37,94,94,36,47,100
16-06-2025 20:30,37,93,93,35,47,100
16-06-2025 21:00,35,89,89,35,46,100
16-06-2025 21:30,36,93,93,35,47,100
16-06-2025 22:00,46,113,109,35,48,100
16-06-2025 22:30,45,112,108,35,49,100
16-06-2025 23:00,46,114,109,34,50,100
16-06-2025 23:30,42,105,103,34,51,100
17-06-2025 00:00,38,95,95,34,51,100
17-06-2025 00:30,35,91,91,34,51,100
17-06-2025 01:00,36,93,93,34,51,100
17-06-2025 01:30,46,114,109,34,51,100
17-06-2025 02:00,41,104,103,34,51,100
17-06-2025 02:30,53,129,119,34,51,100
17-06-2025 03:00,45,110,107,34,52,100
17-06-2025 03:30,33,82,82,33,54,100
17-06-2025 04:00,27,67,67,32,54,100
17-06-2025 04:30,20,49,49,32,54,100
17-06-2025 05:00,30,77,77,32,57,100
17-06-2025 05:30,25,63,63,32,57,100
17-06-2025 06:00,26,64,64,32,57,100
17-06-2025 06:30,27,66,66,32,59,100
17-06-2025 07:00,29,72,72,32,60,100
17-06-2025 07:30,38,94,94,31,62,100
17-06-2025 08:00,38,94,94,31,64,100
17-06-2025 08:30,31,78,78,31,64,100
17-06-2025 09:00,30,76,76,31,64,100
17-06-2025 09:30,26,66,66,31,64,100
17-06-2025 10:00,27,68,68,31,64,100
17-06-2025 10:30,28,70,70,31,64,100
17-06-2025 11:00,24,59,59,31,64,100
17-06-2025 11:30,13,37,37,32,62,100
17-06-2025 12:00,10,31,31,32,61,100
17-06-2025 12:30,16,41,41,32,60,100
17-06-2025 13:00,22,54,54,32,59,100
17-06-2025 13:30,23,57,57,32,59,100
17-06-2025 14:00,20,48,48,33,59,100
17-06-2025 14:30,31,81,81,33,59,100
17-06-2025 15:00,33,88,88,34,57,100
17-06-2025 15:30,29,76,76,34,55,100
17-06-2025 16:00,19,60,60,35,51,100
17-06-2025 16:30,17,55,55,35,50,100
17-06-2025 17:00,17,57,57,35,50,100
17-06-2025 17:30,16,53,53,35,50,100
17-06-2025 18:00,16,53,53,34,51,100
17-06-2025 18:30,22,70,70,34,52,100
17-06-2025 19:00,25,78,78,34,53,100
17-06-2025 19:30,33,96,96,34,54,100
17-06-2025 20:00,43,113,109,34,56,100
17-06-2025 20:30,58,139,126,34,58,100
17-06-2025 21:00,46,120,113,34,57,100
17-06-2025 21:30,48,121,114,34,58,100
17-06-2025 22:00,38,102,101,34,57,100
17-06-2025 22:30,42,112,108,34,59,100
17-06-2025 23:00,42,113,109,34,59,100
17-06-2025 23:30,53,130,120,33,60,100
18-06-2025 00:00,37,102,101,33,61,100
18-06-2025 00:30,35,100,100,33,60,100
18-06-2025 01:00,42,112,108,33,61,100
18-06-2025 01:30,53,130,120,33,61,100
18-06-2025 02:00,46,118,112,33,62,100
18-06-2025 02:30,53,132,121,32,62,100
18-06-2025 03:00,42,110,107,32,63,100
18-06-2025 03:30,55,135,123,32,63,100
18-06-2025 04:00,59,139,126,32,64,100
18-06-2025 04:30,49,123,115,32,64,100
18-06-2025 05:00,54,132,121,32,64,100
18-06-2025 05:30,43,115,110,32,64,100
18-06-2025 06:00,42,113,109,32,64,100
18-06-2025 06:30,33,96,96,32,63,100
18-06-2025 07:00,35,99,99,32,61,100
18-06-2025 07:30,33,97,97,32,61,100
18-06-2025 08:00,24,77,77,32,59,100
18-06-2025 08:30,20,64,64,33,58,100
18-06-2025 09:00,21,69,69,34,58,100
18-06-2025 09:30,27,84,84,34,57,100
18-06-2025 10:00,34,100,100,34,56,100
18-06-2025 10:30,52,134,123,34,56,100
18-06-2025 11:00,51,131,121,34,55,100
18-06-2025 11:30,56,138,125,35,55,100
18-06-2025 12:00,54,135,123,35,53,100
18-06-2025 12:30,54,134,123,35,52,100
18-06-2025 13:00,50,128,119,35,51,100
18-06-2025 13:30,48,124,116,36,50,100
18-06-2025 14:00,48,125,117,36,50,100
18-06-2025 14:30,48,125,117,36,50,100
18-06-2025 15:00,34,99,99,35,52,80
18-06-2025 15:30,32,95,95,36,51,80
18-06-2025 16:00,30,91,91,36,49,80
18-06-2025 16:30,31,93,93,37,47,100
18-06-2025 17:00,34,98,98,37,47,100
18-06-2025 17:30,41,111,107,37,47,100
18-06-2025 18:00,35,100,100,37,47,100
18-06-2025 18:30,36,102,101,37,47,100
18-06-2025 19:00,38,104,103,37,48,100
18-06-2025 19:30,42,112,108,37,49,100
18-06-2025 20:00,32,95,95,36,49,100
18-06-2025 20:30,38,105,103,36,51,100
18-06-2025 21:00,39,106,104,36,51,100
18-06-2025 21:30,43,114,109,36,52,100
18-06-2025 22:00,51,128,119,36,52,100
18-06-2025 22:30,42,112,108,36,52,100
18-06-2025 23:00,37,104,103,35,52,100
18-06-2025 23:30,38,105,103,35,53,100
19-06-2025 00:00,39,108,105,35,53,100
19-06-2025 00:30,40,108,105,35,53,100
19-06-2025 01:00,46,119,113,35,53,100
19-06-2025 01:30,45,117,111,35,53,100
19-06-2025 02:00,47,120,113,35,54,100
19-06-2025 02:30,60,142,128,35,55,100
19-06-2025 03:00,53,131,121,35,55,100
19-06-2025 03:30,79,164,163,34,56,100
19-06-2025 04:00,102,192,240,34,58,100
19-06-2025 04:30,111,202,270,34,61,100
19-06-2025 05:00,88,176,193,34,62,100
19-06-2025 05:30,90,179,200,34,63,100
19-06-2025 06:00,108,199,260,34,63,100
19-06-2025 06:30,110,206,267,34,63,100
19-06-2025 07:00,66,150,133,34,59,100
19-06-2025 07:30,49,127,118,34,58,100
19-06-2025 08:00,50,127,118,34,58,100
19-06-2025 08:30,51,129,119,34,58,100
19-06-2025 09:00,44,118,112,35,58,100
19-06-2025 09:30,40,108,105,35,57,100
19-06-2025 10:00,41,110,107,35,57,100
19-06-2025 10:30,42,113,109,35,56,100
19-06-2025 11:00,57,140,127,36,56,100
19-06-2025 11:30,51,128,119,36,56,100
19-06-2025 12:00,50,126,117,35,56,80
19-06-2025 12:30,51,129,119,36,55,80
19-06-2025 13:00,47,121,114,37,51,80
19-06-2025 13:30,58,140,127,36,51,100
19-06-2025 14:00,56,138,125,36,53,100
19-06-2025 14:30,49,125,117,36,51,100
19-06-2025 15:00,44,116,111,37,49,100
19-06-2025 15:30,47,120,113,37,48,100
19-06-2025 16:00,48,123,115,37,50,100
19-06-2025 16:30,45,116,111,37,50,100
19-06-2025 17:00,45,117,111,37,49,100
19-06-2025 17:30,44,116,111,37,48,100
19-06-2025 18:00,43,114,109,37,48,100
19-06-2025 18:30,48,123,115,37,49,100
19-06-2025 19:00,51,128,119,37,50,100
19-06-2025 19:30,55,135,123,37,51,100
19-06-2025 20:00,57,139,126,37,51,100
19-06-2025 20:30,59,143,129,37,52,100
19-06-2025 21:00,58,141,127,37,52,100
19-06-2025 21:30,62,148,132,37,53,100
19-06-2025 22:00,61,145,130,37,53,100
19-06-2025 22:30,55,137,125,36,54,100
19-06-2025 23:00,63,149,133,36,55,100
19-06-2025 23:30,69,157,138,36,56,100
20-06-2025 00:00,72,160,140,36,57,100
20-06-2025 00:30,74,163,147,36,58,100
20-06-2025 01:00,73,162,143,36,58,100
20-06-2025 01:30,76,165,153,35,58,100
20-06-2025 02:00,71,160,140,35,59,100
20-06-2025 02:30,66,154,136,35,60,100
20-06-2025 03:00,65,152,135,35,61,100
20-06-2025 03:30,69,156,137,35,61,100
20-06-2025 04:00,67,154,136,35,61,100
20-06-2025 04:30,48,125,117,35,59,100
20-06-2025 05:00,48,126,117,35,59,100
20-06-2025 05:30,51,129,119,35,58,100
20-06-2025 06:00,55,136,124,35,58,100
20-06-2025 06:30,54,133,122,35,59,100
20-06-2025 07:00,56,137,125,35,58,100
20-06-2025 07:30,48,123,115,35,58,100
20-06-2025 08:00,33,98,98,35,57,100
20-06-2025 08:30,31,95,95,36,56,100
20-06-2025 09:00,38,105,103,36,56,100
20-06-2025 09:30,36,101,101,35,58,100
20-06-2025 10:00,29,90,90,35,57,100
20-06-2025 10:30,28,89,89,36,57,100
20-06-2025 11:00,29,89,89,36,56,100
20-06-2025 11:30,29,90,90,36,56,100
20-06-2025 12:00,28,87,87,36,54,100
20-06-2025 12:30,28,88,88,36,55,100
20-06-2025 13:00,26,83,83,37,53,100
20-06-2025 13:30,27,86,86,36,53,100
20-06-2025 14:00,28,87,87,37,52,100
20-06-2025 14:30,51,132,121,36,57,100
20-06-2025 15:00,57,142,128,36,58,100
20-06-2025 15:30,54,135,123,36,58,100
20-06-2025 16:00,48,125,117,36,57,100
20-06-2025 16:30,45,119,113,36,55,100
20-06-2025 17:00,41,112,108,37,54,100
20-06-2025 17:30,41,111,107,37,54,100
20-06-2025 18:00,40,111,107,36,54,100
20-06-2025 18:30,39,107,105,36,56,80
20-06-2025 19:00,35,99,99,36,57,80
20-06-2025 19:30,35,99,99,36,56,80
20-06-2025 20:00,42,114,109,36,56,100
20-06-2025 20:30,46,121,114,36,56,100
20-06-2025 21:00,53,134,123,36,57,100
20-06-2025 21:30,49,126,117,35,58,100
20-06-2025 22:00,49,126,117,35,58,100
20-06-2025 22:30,48,123,115,35,58,100
20-06-2025 23:00,38,104,103,35,56,100
20-06-2025 23:30,40,109,106,35,58,100
21-06-2025 00:00,39,108,105,35,58,100
21-06-2025 00:30,34,98,98,35,59,100
21-06-2025 01:00,33,96,96,35,59,100
21-06-2025 01:30,37,104,103,35,60,100
21-06-2025 02:00,27,84,84,34,60,100
21-06-2025 02:30,22,70,70,34,58,100
21-06-2025 03:00,20,63,63,34,59,100
21-06-2025 03:30,21,69,69,34,59,100
21-06-2025 04:00,25,79,79,34,60,100
21-06-2025 04:30,28,88,88,34,60,100
21-06-2025 05:00,27,87,87,34,61,100
21-06-2025 05:30,28,88,88,34,61,100
21-06-2025 06:00,27,86,86,34,61,100
21-06-2025 06:30,28,87,87,34,61,100
21-06-2025 07:00,25,81,81,34,60,100
21-06-2025 07:30,25,78,78,34,60,100
21-06-2025 08:00,30,90,90,34,60,100
21-06-2025 08:30,30,92,92,34,60,100
21-06-2025 09:00,37,104,103,34,60,100
21-06-2025 09:30,32,96,96,34,59,100
21-06-2025 10:00,33,97,97,35,59,100
21-06-2025 10:30,42,114,109,34,62,80
21-06-2025 11:00,43,116,111,33,64,80
21-06-2025 11:30,49,128,119,33,65,80
21-06-2025 12:00,42,113,109,33,65,80
21-06-2025 12:30,45,121,114,34,63,80
21-06-2025 13:00,44,117,111,34,62,80
21-06-2025 13:30,39,106,104,34,61,80
21-06-2025 14:00,36,102,101,34,59,80
21-06-2025 14:30,40,109,106,35,58,80
21-06-2025 15:00,147,236,321,35,57,80
21-06-2025 15:30,91,179,203,35,57,80
21-06-2025 16:00,83,171,177,35,58,80
21-06-2025 16:30,82,171,173,35,59,80
21-06-2025 17:00,135,225,312,35,57,60
21-06-2025 17:30,134,224,311,35,57,60
21-06-2025 18:00,60,142,128,36,55,60
21-06-2025 18:30,52,131,121,37,50,80
21-06-2025 19:00,50,126,117,37,49,80
21-06-2025 19:30,52,130,120,37,51,80
21-06-2025 20:00,63,148,132,37,53,80
21-06-2025 20:30,61,146,131,36,53,100
21-06-2025 21:00,91,179,203,36,55,100
21-06-2025 21:30,126,215,305,36,57,100
21-06-2025 22:00,141,230,316,36,58,100
21-06-2025 22:30,163,254,333,35,59,100
21-06-2025 23:00,161,253,332,35,61,100
21-06-2025 23:30,136,225,312,35,61,100
22-06-2025 00:00,127,216,305,35,61,100
22-06-2025 00:30,124,213,303,34,61,100
22-06-2025 01:00,122,210,302,34,61,100
22-06-2025 01:30,111,201,270,34,61,100
22-06-2025 02:00,109,199,263,34,60,100
22-06-2025 02:30,110,201,267,34,61,100
22-06-2025 03:00,129,219,307,34,62,100
22-06-2025 03:30,123,213,302,34,63,100
22-06-2025 04:00,136,226,312,34,63,100
22-06-2025 04:30,148,239,322,34,64,100
22-06-2025 05:00,142,233,317,34,64,100
22-06-2025 05:30,146,237,320,34,64,100
22-06-2025 06:00,144,236,318,34,63,100
22-06-2025 06:30,153,247,325,34,63,100
22-06-2025 07:00,137,228,313,34,63,100
22-06-2025 07:30,132,222,309,34,63,100
22-06-2025 08:00,124,215,303,34,64,100
22-06-2025 08:30,111,202,270,34,63,100
22-06-2025 09:00,104,195,247,34,63,100
22-06-2025 09:30,93,183,210,34,62,100
22-06-2025 10:00,89,178,197,35,62,100
22-06-2025 10:30,81,171,170,35,62,100
22-06-2025 11:00,73,161,143,35,61,100
22-06-2025 11:30,83,173,177,35,61,100
22-06-2025 12:00,95,186,217,35,63,100
22-06-2025 12:30,90,179,200,35,63,100
22-06-2025 13:00,159,252,330,34,69,100
22-06-2025 13:30,137,227,313,34,69,100
22-06-2025 14:00,118,209,293,32,70,100
22-06-2025 14:30,125,215,304,32,72,80
22-06-2025 15:00,203,319,364,34,71,80
22-06-2025 15:30,190,282,354,33,72,80
22-06-2025 16:00,180,270,346,33,72,80
22-06-2025 16:30,185,275,350,34,69,80
22-06-2025 17:00,193,283,356,34,68,100
22-06-2025 17:30,216,311,374,34,70,100
22-06-2025 18:00,210,307,369,34,69,100
22-06-2025 18:30,220,318,377,34,69,100
22-06-2025 19:00,208,307,368,34,68,100
22-06-2025 19:30,199,298,361,34,68,100
22-06-2025 20:00,198,296,360,34,68,100
22-06-2025 20:30,190,287,354,33,68,100
22-06-2025 21:00,217,316,375,33,68,100
22-06-2025 21:30,194,292,357,33,67,100
22-06-2025 22:00,169,264,338,33,67,100
22-06-2025 22:30,160,253,331,33,67,100
22-06-2025 23:00,164,259,334,32,66,100
22-06-2025 23:30,147,240,321,32,66,100
23-06-2025 00:00,103,195,243,32,64,100
23-06-2025 00:30,106,200,253,32,63,100
23-06-2025 01:00,123,217,302,32,63,100
23-06-2025 01:30,161,257,332,32,64,100
23-06-2025 02:00,191,292,355,32,67,100
23-06-2025 02:30,172,273,340,32,67,100
23-06-2025 03:00,179,283,345,32,69,100
23-06-2025 03:30,171,275,339,32,69,100
23-06-2025 04:00,162,264,332,32,69,100
23-06-2025 04:30,159,260,330,32,70,100
23-06-2025 05:00,163,263,333,31,70,100
23-06-2025 05:30,119,213,297,32,70,100
23-06-2025 06:00,128,221,306,32,70,100
23-06-2025 06:30,129,224,307,32,71,100
23-06-2025 07:00,247,358,398,32,71,100
23-06-2025 07:30,231,340,385,32,72,100
23-06-2025 08:00,251,357,401,31,76,80
23-06-2025 08:30,240,345,392,32,75,80
23-06-2025 09:00,211,310,370,33,70,80
23-06-2025 09:30,192,288,355,34,68,100
23-06-2025 10:00,167,261,336,34,67,100
23-06-2025 10:30,156,248,328,34,66,100
23-06-2025 11:00,153,245,325,34,66,100
23-06-2025 11:30,150,242,323,34,66,100
23-06-2025 12:00,125,216,304,34,65,100
23-06-2025 12:30,104,195,247,35,63,100
23-06-2025 13:00,116,206,287,35,64,100
23-06-2025 13:30,114,205,280,35,64,100
23-06-2025 14:00,90,181,200,35,61,100
23-06-2025 14:30,62,150,133,36,60,100
23-06-2025 15:00,66,155,137,36,60,100
23-06-2025 15:30,72,161,141,36,59,100
23-06-2025 16:00,79,169,163,36,58,100
23-06-2025 16:30,91,182,203,36,62,80
23-06-2025 17:00,92,185,207,35,61,80
23-06-2025 17:30,86,178,187,35,61,80
23-06-2025 18:00,62,149,133,36,58,80
23-06-2025 18:30,48,124,116,37,54,80
23-06-2025 19:00,57,142,128,37,56,100
23-06-2025 19:30,67,153,135,36,58,100
23-06-2025 20:00,56,137,125,36,58,100
23-06-2025 20:30,53,134,123,35,58,100
23-06-2025 21:00,50,128,119,35,58,100
23-06-2025 21:30,44,117,111,35,57,100
23-06-2025 22:00,49,125,117,35,57,100
23-06-2025 22:30,53,134,123,35,57,100
23-06-2025 23:00,66,151,134,35,59,100
23-06-2025 23:30,93,184,210,35,61,100
24-06-2025 00:00,109,201,263,34,63,100
24-06-2025 00:30,109,201,263,34,64,100
24-06-2025 01:00,89,180,197,34,63,100
24-06-2025 01:30,87,177,190,34,63,100
24-06-2025 02:00,106,198,253,34,64,100
24-06-2025 02:30,87,176,190,34,64,100
24-06-2025 03:00,58,140,127,34,62,100
24-06-2025 03:30,53,131,121,34,61,100
24-06-2025 04:00,49,126,117,34,61,100
24-06-2025 04:30,62,145,130,34,62,100
24-06-2025 05:00,71,157,138,34,64,100
24-06-2025 05:30,62,144,129,33,65,100
24-06-2025 06:00,53,130,120,33,65,100
24-06-2025 06:30,58,138,125,33,65,100
24-06-2025 07:00,44,115,110,33,63,100
24-06-2025 07:30,43,114,109,33,64,100
24-06-2025 08:00,60,141,127,33,64,100
24-06-2025 08:30,62,144,129,33,63,100
24-06-2025 09:00,52,131,121,33,63,100
24-06-2025 09:30,50,127,118,33,64,100
24-06-2025 10:00,29,90,90,33,62,100
24-06-2025 10:30,33,98,98,33,63,100
24-06-2025 11:00,43,116,111,34,63,100
24-06-2025 11:30,39,109,106,34,62,100
24-06-2025 12:00,40,112,108,34,62,100
24-06-2025 12:30,39,111,107,34,61,100
24-06-2025 13:00,29,90,90,35,59,100
24-06-2025 13:30,24,79,79,35,57,100
24-06-2025 14:00,25,81,81,35,58,100
24-06-2025 14:30,30,92,92,35,57,100
24-06-2025 15:00,35,102,101,35,58,100
24-06-2025 15:30,41,113,109,35,58,100
24-06-2025 16:00,42,114,109,36,57,100
24-06-2025 16:30,44,119,113,36,56,100
24-06-2025 17:00,46,122,115,36,56,100
24-06-2025 17:30,56,139,126,36,56,100
24-06-2025 18:00,56,139,126,36,56,100
24-06-2025 18:30,51,129,119,36,56,100
24-06-2025 19:00,47,123,115,36,57,100
24-06-2025 19:30,42,113,109,36,58,100
24-06-2025 20:00,53,132,121,35,61,100
24-06-2025 20:30,57,140,127,35,61,100
24-06-2025 21:00,59,145,130,35,61,100
24-06-2025 21:30,60,146,131,35,61,100
24-06-2025 22:00,66,154,136,35,62,100
24-06-2025 22:30,71,161,141,35,62,100
24-06-2025 23:00,62,149,133,35,62,100
24-06-2025 23:30,70,160,140,34,63,100
25-06-2025 00:00,67,158,139,34,63,100
25-06-2025 00:30,53,133,122,34,63,100
25-06-2025 01:00,49,127,118,34,63,100
25-06-2025 01:30,53,134,123,34,64,100
25-06-2025 02:00,64,150,133,34,64,100
25-06-2025 02:30,79,169,163,34,65,100
25-06-2025 03:00,82,173,173,34,66,100
25-06-2025 03:30,68,155,137,34,66,100
25-06-2025 04:00,56,140,127,34,65,100
25-06-2025 04:30,54,134,123,34,65,100
25-06-2025 05:00,51,130,120,34,64,100
25-06-2025 05:30,49,126,117,34,64,100
25-06-2025 06:00,57,141,127,34,64,100
25-06-2025 06:30,62,150,133,34,65,100
25-06-2025 07:00,61,149,133,34,65,100
25-06-2025 07:30,64,153,135,34,65,100
25-06-2025 08:00,60,147,131,34,65,100
25-06-2025 08:30,58,142,128,34,65,100
25-06-2025 09:00,45,117,111,34,65,100
25-06-2025 09:30,39,108,105,34,66,100
25-06-2025 10:00,30,92,92,33,67,100
25-06-2025 10:30,48,125,117,33,70,100
25-06-2025 11:00,38,105,103,32,71,100
25-06-2025 11:30,32,95,95,32,72,100
25-06-2025 12:00,37,105,103,32,71,100
25-06-2025 12:30,38,108,105,32,71,100
25-06-2025 13:00,31,95,95,32,71,100
25-06-2025 13:30,23,72,72,32,70,100
25-06-2025 14:00,26,82,82,32,69,100
25-06-2025 14:30,27,85,85,32,70,100
25-06-2025 15:00,26,82,82,32,69,100
25-06-2025 15:30,21,68,68,32,68,100
25-06-2025 16:00,24,77,77,32,68,100
25-06-2025 16:30,21,67,67,33,67,100
25-06-2025 17:00,28,87,87,33,66,100
25-06-2025 17:30,22,72,72,33,65,100
25-06-2025 18:00,22,72,72,33,65,100
25-06-2025 18:30,16,51,51,33,65,100
25-06-2025 19:00,22,71,71,32,68,100
25-06-2025 19:30,30,92,92,32,72,80
25-06-2025 20:00,32,96,96,31,73,80
25-06-2025 20:30,29,90,90,30,73,80
25-06-2025 21:00,33,96,96,30,73,80
25-06-2025 21:30,54,135,123,30,75,80
25-06-2025 22:00,58,142,128,30,74,80
25-06-2025 22:30,43,115,110,30,73,80
25-06-2025 23:00,43,118,112,30,74,80
25-06-2025 23:30,30,92,92,30,74,80
26-06-2025 00:00,27,85,85,30,73,80
26-06-2025 00:30,29,90,90,30,73,80
26-06-2025 01:00,33,96,96,30,72,60
26-06-2025 01:30,34,100,100,30,72,60
26-06-2025 02:00,38,107,105,30,73,60
26-06-2025 02:30,42,115,110,29,73,60
26-06-2025 03:00,45,120,113,29,74,60
26-06-2025 03:30,46,124,116,29,75,60
26-06-2025 04:00,45,122,115,29,76,60
26-06-2025 04:30,41,112,108,29,77,40
26-06-2025 05:00,37,106,104,29,77,40
26-06-2025 05:30,40,111,107,29,77,40
26-06-2025 06:00,38,108,105,29,77,40
26-06-2025 06:30,32,96,96,30,75,40
26-06-2025 07:00,28,87,87,32,68,60
26-06-2025 07:30,24,78,78,32,65,80
26-06-2025 08:00,24,77,77,32,64,80
26-06-2025 08:30,24,76,76,33,63,80
26-06-2025 09:00,25,78,78,32,66,80
26-06-2025 09:30,30,91,91,30,74,80
26-06-2025 10:00,31,92,92,32,72,80
26-06-2025 10:30,35,100,100,32,71,80
26-06-2025 11:00,26,81,81,32,70,80
26-06-2025 11:30,17,55,55,31,71,100
26-06-2025 12:00,15,51,51,30,72,100
26-06-2025 12:30,6,28,28,30,72,100
26-06-2025 13:00,2,13,13,30,72,100
26-06-2025 13:30,5,23,23,30,73,100
26-06-2025 14:00,5,25,25,30,73,100
26-06-2025 14:30,6,30,30,30,75,100
26-06-2025 15:00,9,38,38,30,75,100
26-06-2025 15:30,9,38,38,30,75,100
26-06-2025 16:00,14,46,46,30,75,100
26-06-2025 16:30,15,50,50,31,74,100
26-06-2025 17:00,17,56,56,32,73,100
26-06-2025 17:30,20,63,63,32,72,100
26-06-2025 18:00,20,65,65,32,75,80
26-06-2025 18:30,22,72,72,30,79,80
26-06-2025 19:00,26,82,82,30,79,80
26-06-2025 19:30,31,93,93,32,76,80
26-06-2025 20:00,38,104,103,32,77,100
26-06-2025 20:30,132,221,309,32,78,100
26-06-2025 21:00,113,203,277,31,79,100
26-06-2025 21:30,58,140,127,31,79,100
26-06-2025 22:00,45,117,111,31,79,100
26-06-2025 22:30,40,108,105,31,79,100
26-06-2025 23:00,42,112,108,31,80,100
26-06-2025 23:30,41,112,108,31,80,100
27-06-2025 00:00,43,114,109,31,80,100
27-06-2025 00:30,43,114,109,31,80,100
27-06-2025 01:00,40,108,105,31,79,100
27-06-2025 01:30,39,107,105,31,79,100
27-06-2025 02:00,37,102,101,31,79,100
27-06-2025 02:30,37,104,103,31,78,100
27-06-2025 03:00,36,101,101,31,79,100
27-06-2025 03:30,37,102,101,31,78,100
27-06-2025 04:00,36,102,101,31,78,100
27-06-2025 04:30,36,101,101,31,78,100
27-06-2025 05:00,37,106,104,31,77,100
27-06-2025 05:30,36,104,103,31,77,100
27-06-2025 06:00,43,123,115,31,77,100
27-06-2025 06:30,40,109,106,31,76,100
27-06-2025 07:00,42,113,109,31,76,100
27-06-2025 07:30,43,115,110,32,75,100
27-06-2025 08:00,39,107,105,32,74,100
27-06-2025 08:30,35,101,101,32,73,100
27-06-2025 09:00,25,80,80,32,72,100
27-06-2025 09:30,24,77,77,32,70,100
27-06-2025 10:00,17,56,56,33,68,100
27-06-2025 10:30,20,63,63,33,68,100
27-06-2025 11:00,19,60,60,33,67,100
27-06-2025 11:30,22,71,71,34,66,100
27-06-2025 12:00,29,89,89,34,66,100
27-06-2025 12:30,23,73,73,34,65,100
27-06-2025 13:00,18,59,59,34,64,100
27-06-2025 13:30,16,51,51,35,62,100
27-06-2025 14:00,15,49,49,35,59,100
27-06-2025 14:30,14,47,47,36,58,100
27-06-2025 15:00,14,46,46,36,55,100
27-06-2025 15:30,16,52,52,36,56,100
27-06-2025 16:00,18,57,57,36,56,100
27-06-2025 16:30,18,58,58,35,56,100
27-06-2025 17:00,18,58,58,35,57,100
27-06-2025 17:30,17,54,54,35,57,100
27-06-2025 18:00,17,53,53,36,56,100
27-06-2025 18:30,21,68,68,34,62,100
27-06-2025 19:00,27,84,84,34,66,80
27-06-2025 19:30,27,84,84,34,68,80
27-06-2025 20:00,19,60,60,34,64,80
27-06-2025 20:30,23,72,72,34,61,80
27-06-2025 21:00,28,88,88,35,62,100
27-06-2025 21:30,28,86,86,35,65,100
27-06-2025 22:00,28,87,87,34,67,100
27-06-2025 22:30,30,90,90,34,69,100
27-06-2025 23:00,29,89,89,34,69,100
27-06-2025 23:30,30,90,90,34,70,100
28-06-2025 00:00,29,89,89,34,69,100
28-06-2025 00:30,30,90,90,34,68,100
28-06-2025 01:00,26,81,81,34,68,100
28-06-2025 01:30,23,74,74,34,67,100
28-06-2025 02:00,23,74,74,33,69,100
28-06-2025 02:30,25,77,77,33,69,100
28-06-2025 03:00,25,78,78,33,70,100
28-06-2025 03:30,29,90,90,33,69,100
28-06-2025 04:00,31,92,92,33,69,100
28-06-2025 04:30,32,94,94,33,68,100
28-06-2025 05:00,33,97,97,33,68,100
28-06-2025 05:30,37,102,101,33,68,100
28-06-2025 06:00,34,98,98,33,68,100
28-06-2025 06:30,24,77,77,33,64,100
28-06-2025 07:00,29,89,89,32,68,80
28-06-2025 07:30,27,87,87,32,70,80
28-06-2025 08:00,42,120,113,32,71,80
28-06-2025 08:30,31,92,92,32,70,80
28-06-2025 09:00,31,94,94,32,70,80
28-06-2025 09:30,26,82,82,32,70,80
28-06-2025 10:00,27,86,86,32,70,80
28-06-2025 10:30,29,90,90,32,69,80
28-06-2025 11:00,30,91,91,33,67,80
28-06-2025 11:30,24,78,78,34,62,80
28-06-2025 12:00,23,74,74,36,59,80
28-06-2025 12:30,25,81,81,36,58,80
28-06-2025 13:00,26,82,82,37,58,100
28-06-2025 13:30,29,87,87,37,56,100
28-06-2025 14:00,29,89,89,37,56,100
28-06-2025 14:30,30,90,90,37,55,100
28-06-2025 15:00,28,88,88,37,55,100
28-06-2025 15:30,30,91,91,37,54,100
28-06-2025 16:00,31,93,93,37,56,100
28-06-2025 16:30,38,105,103,36,61,80
28-06-2025 17:00,39,107,105,36,60,80
28-06-2025 17:30,38,105,103,37,58,80
28-06-2025 18:00,42,112,108,37,58,100
28-06-2025 18:30,40,108,105,36,58,100
28-06-2025 19:00,38,105,103,35,58,100
28-06-2025 19:30,30,92,92,35,56,100
28-06-2025 20:00,29,90,90,35,57,100
28-06-2025 20:30,37,103,102,35,58,100
28-06-2025 21:00,52,130,120,35,60,100
28-06-2025 21:30,64,147,131,35,62,100
28-06-2025 22:00,59,142,128,35,64,100
28-06-2025 22:30,53,132,121,35,64,100
28-06-2025 23:00,65,149,133,35,65,100
28-06-2025 23:30,69,156,137,35,65,100
29-06-2025 00:00,73,160,143,35,66,100
29-06-2025 00:30,58,139,126,35,66,100
29-06-2025 01:00,49,125,117,34,65,100
29-06-2025 01:30,41,111,107,34,65,100
29-06-2025 02:00,30,90,90,34,64,100
29-06-2025 02:30,27,83,83,34,64,100
29-06-2025 03:00,27,84,84,34,64,100
29-06-2025 03:30,28,88,88,34,65,100
29-06-2025 04:00,29,89,89,34,65,100
29-06-2025 04:30,33,95,95,33,66,100
29-06-2025 05:00,33,97,97,33,67,100
29-06-2025 05:30,36,101,101,33,67,100
29-06-2025 06:00,39,106,104,33,67,100
29-06-2025 06:30,38,105,103,33,69,100
29-06-2025 07:00,41,111,107,32,72,80
29-06-2025 07:30,35,101,101,31,73,80
29-06-2025 08:00,32,95,95,30,74,80
29-06-2025 08:30,36,102,101,30,75,80
29-06-2025 09:00,32,95,95,30,74,80
29-06-2025 09:30,26,83,83,30,74,80
29-06-2025 10:00,25,78,78,31,74,80
29-06-2025 10:30,19,61,61,31,73,80
29-06-2025 11:00,19,60,60,31,71,80
29-06-2025 11:30,20,65,65,32,71,80
29-06-2025 12:00,22,72,72,32,70,80
29-06-2025 12:30,26,82,82,32,71,60
29-06-2025 13:00,27,84,84,32,69,60
29-06-2025 13:30,29,89,89,33,70,60
29-06-2025 14:00,28,88,88,33,69,60
29-06-2025 14:30,30,92,92,33,68,60
29-06-2025 15:00,29,91,91,33,69,60
29-06-2025 15:30,37,105,103,33,70,60
29-06-2025 16:00,44,119,113,32,72,40
29-06-2025 16:30,41,113,109,32,72,40
29-06-2025 17:00,41,112,108,32,72,40
29-06-2025 17:30,47,123,115,32,73,40
29-06-2025 18:00,43,115,110,32,74,40
29-06-2025 18:30,42,114,109,31,74,40
29-06-2025 19:00,40,111,107,31,75,40
29-06-2025 19:30,37,104,103,31,76,40
29-06-2025 20:00,20,64,64,30,69,20
29-06-2025 20:30,18,60,60,30,69,20
29-06-2025 21:00,24,77,77,30,72,20
29-06-2025 21:30,26,84,84,30,75,20
29-06-2025 22:00,42,114,109,30,78,20
29-06-2025 22:30,40,112,108,30,78,20
29-06-2025 23:00,37,106,104,30,79,20
29-06-2025 23:30,36,102,101,30,78,20
30-06-2025 00:00,32,95,95,30,77,20
30-06-2025 00:30,33,97,97,30,77,20
30-06-2025 01:00,31,93,93,30,77,20
30-06-2025 01:30,29,89,89,30,76,20
30-06-2025 02:00,29,89,89,30,76,20
30-06-2025 02:30,27,85,85,30,75,0
30-06-2025 03:00,27,86,86,30,75,0
30-06-2025 03:30,29,90,90,30,75,0
30-06-2025 04:00,34,99,99,30,76,0
30-06-2025 04:30,39,109,106,30,80,0
30-06-2025 05:00,22,70,70,29,78,0
30-06-2025 05:30,22,69,69,29,78,0
30-06-2025 06:00,19,61,61,28,78,0
30-06-2025 06:30,24,80,80,29,76,0
30-06-2025 07:00,16,53,53,30,71,0
30-06-2025 07:30,22,72,72,32,67,0
30-06-2025 08:00,26,82,82,32,66,0
30-06-2025 08:30,27,84,84,32,65,20
30-06-2025 09:00,21,68,68,32,64,40
30-06-2025 09:30,26,82,82,33,62,40
30-06-2025 10:00,25,80,80,34,62,40
30-06-2025 10:30,27,85,85,34,63,40
30-06-2025 11:00,30,92,92,34,63,40
30-06-2025 11:30,39,109,106,34,62,40
30-06-2025 12:00,42,116,111,34,62,40
30-06-2025 12:30,47,125,117,34,62,60
30-06-2025 13:00,44,119,113,35,62,60
30-06-2025 13:30,44,119,113,35,63,60
30-06-2025 14:00,47,124,116,32,68,60
30-06-2025 14:30,47,125,117,32,70,40
30-06-2025 15:00,45,121,114,34,64,60
30-06-2025 15:30,48,127,118,34,63,80
30-06-2025 16:00,52,134,123,32,69,80
30-06-2025 16:30,52,134,123,32,71,40
30-06-2025 17:00,51,133,122,32,71,40
30-06-2025 17:30,50,131,121,32,72,40
30-06-2025 18:00,45,121,114,32,73,40
30-06-2025 18:30,46,122,115,32,73,40
30-06-2025 19:00,46,123,115,32,74,40
30-06-2025 19:30,46,122,115,31,74,40
30-06-2025 20:00,40,111,107,31,74,40
30-06-2025 20:30,41,113,109,31,74,20
30-06-2025 21:00,36,103,102,31,74,20
30-06-2025 21:30,37,104,103,31,75,20
30-06-2025 22:00,41,112,108,31,75,20
30-06-2025 22:30,52,131,121,30,75,20
